Feature,p-value
satisfaction_level,3.1637031058242057e-56
last_evaluation,4.173381497944065e-56
number_project,1.1401408166109706e-65
average_montly_hours,2.7847822341816014e-51
time_spend_company,1.0248726896775883e-86
Work_accident,2.2205496323707956e-112
left,6.470053309848732e-107
promotion_last_5years,1.8335947414341428e-123
Department,8.106463728669809e-79
salary,2.244707827299723e-90
